timestamp,model_type,dataset_name,xai_method,seed,duration_seconds,success,error_message
2025-10-30T13:56:18.224908,SAX_MLP,CNC_Machining,IG,0,0.7114267349243164,True,
2025-10-30T13:56:18.583995,SAX_MLP,CNC_Machining,IG,1,0.35887718200683594,True,
2025-10-30T13:56:18.950032,SAX_MLP,CNC_Machining,IG,2,0.3658168315887451,True,
2025-10-30T13:56:19.323777,SAX_MLP,CNC_Machining,IG,3,0.37354087829589844,True,
2025-10-30T13:56:19.692204,SAX_MLP,CNC_Machining,IG,4,0.36821603775024414,True,
2025-10-30T13:56:19.886341,SAX_MLP,CNC_Machining,SM,0,0.19391989707946777,True,
2025-10-30T13:56:20.077866,SAX_MLP,CNC_Machining,SM,1,0.19141745567321777,True,
2025-10-30T13:56:20.268549,SAX_MLP,CNC_Machining,SM,2,0.19056153297424316,True,
2025-10-30T13:56:20.457792,SAX_MLP,CNC_Machining,SM,3,0.1891336441040039,True,
2025-10-30T13:56:20.647255,SAX_MLP,CNC_Machining,SM,4,0.18933606147766113,True,
2025-10-30T13:56:24.651533,SAX_MLP,CNC_Machining,RISE,0,4.004160165786743,True,
2025-10-30T13:56:28.655488,SAX_MLP,CNC_Machining,RISE,1,4.003858327865601,True,
2025-10-30T13:56:32.760893,SAX_MLP,CNC_Machining,RISE,2,4.105304479598999,True,
2025-10-30T13:56:36.743427,SAX_MLP,CNC_Machining,RISE,3,3.9824347496032715,True,
2025-10-30T13:56:40.784072,SAX_MLP,CNC_Machining,RISE,4,4.040544033050537,True,
2025-10-30T13:56:43.272023,SAX_MLP,CNC_Machining,LIME,0,2.487846851348877,True,
2025-10-30T13:56:45.763536,SAX_MLP,CNC_Machining,LIME,1,2.4914164543151855,True,
2025-10-30T13:56:48.262945,SAX_MLP,CNC_Machining,LIME,2,2.49931263923645,True,
2025-10-30T13:56:50.760927,SAX_MLP,CNC_Machining,LIME,3,2.4978814125061035,True,
2025-10-30T13:56:53.254551,SAX_MLP,CNC_Machining,LIME,4,2.4935240745544434,True,
2025-10-30T13:56:56.389527,SAX_MLP,Welding,IG,0,3.1348793506622314,True,
2025-10-30T13:56:59.510822,SAX_MLP,Welding,IG,1,3.121119976043701,True,
2025-10-30T13:57:02.654187,SAX_MLP,Welding,IG,2,3.143152952194214,True,
2025-10-30T13:57:05.773624,SAX_MLP,Welding,IG,3,3.119255304336548,True,
2025-10-30T13:57:08.917502,SAX_MLP,Welding,IG,4,3.143699884414673,True,
2025-10-30T13:57:11.906757,SAX_MLP,Welding,SM,0,2.9890570640563965,True,
2025-10-30T13:57:14.872185,SAX_MLP,Welding,SM,1,2.965310573577881,True,
2025-10-30T13:57:17.864317,SAX_MLP,Welding,SM,2,2.9920248985290527,True,
2025-10-30T13:57:20.857497,SAX_MLP,Welding,SM,3,2.993070363998413,True,
2025-10-30T13:57:23.825668,SAX_MLP,Welding,SM,4,2.968055486679077,True,
2025-10-30T13:57:30.453376,SAX_MLP,Welding,RISE,0,6.627591133117676,True,
2025-10-30T13:57:37.077421,SAX_MLP,Welding,RISE,1,6.623946666717529,True,
2025-10-30T13:57:43.716631,SAX_MLP,Welding,RISE,2,6.6391119956970215,True,
2025-10-30T13:57:50.500674,SAX_MLP,Welding,RISE,3,6.783946752548218,True,
2025-10-30T13:57:57.143065,SAX_MLP,Welding,RISE,4,6.642293214797974,True,
2025-10-30T13:58:02.063912,SAX_MLP,Welding,LIME,0,4.920745849609375,True,
2025-10-30T13:58:06.999011,SAX_MLP,Welding,LIME,1,4.935002565383911,True,
2025-10-30T13:58:11.924474,SAX_MLP,Welding,LIME,2,4.925361394882202,True,
2025-10-30T13:58:16.831796,SAX_MLP,Welding,LIME,3,4.9072229862213135,True,
2025-10-30T13:58:21.778472,SAX_MLP,Welding,LIME,4,4.946572303771973,True,
2025-10-30T13:58:23.195802,SAX_MLP,ECG,IG,0,1.4172296524047852,True,
2025-10-30T13:58:24.613774,SAX_MLP,ECG,IG,1,1.4177815914154053,True,
2025-10-30T13:58:26.220713,SAX_MLP,ECG,IG,2,1.606736183166504,True,
2025-10-30T13:58:27.644055,SAX_MLP,ECG,IG,3,1.4231421947479248,True,
2025-10-30T13:58:29.082386,SAX_MLP,ECG,IG,4,1.4381465911865234,True,
2025-10-30T13:58:30.357988,SAX_MLP,ECG,SM,0,1.2754127979278564,True,
2025-10-30T13:58:31.625124,SAX_MLP,ECG,SM,1,1.266993522644043,True,
2025-10-30T13:58:32.894816,SAX_MLP,ECG,SM,2,1.2695817947387695,True,
2025-10-30T13:58:34.176531,SAX_MLP,ECG,SM,3,1.2815351486206055,True,
2025-10-30T13:58:35.427007,SAX_MLP,ECG,SM,4,1.2502851486206055,True,
2025-10-30T13:58:40.236332,SAX_MLP,ECG,RISE,0,4.809211015701294,True,
2025-10-30T13:58:45.044395,SAX_MLP,ECG,RISE,1,4.807958602905273,True,
2025-10-30T13:58:49.867750,SAX_MLP,ECG,RISE,2,4.823251485824585,True,
2025-10-30T13:58:54.686134,SAX_MLP,ECG,RISE,3,4.818284273147583,True,
2025-10-30T13:58:59.480845,SAX_MLP,ECG,RISE,4,4.794612884521484,True,
2025-10-30T13:59:02.200538,SAX_MLP,ECG,LIME,0,2.7195868492126465,True,
2025-10-30T13:59:04.914285,SAX_MLP,ECG,LIME,1,2.713639497756958,True,
2025-10-30T13:59:07.815157,SAX_MLP,ECG,LIME,2,2.9007670879364014,True,
2025-10-30T13:59:10.520403,SAX_MLP,ECG,LIME,3,2.705148696899414,True,
2025-10-30T13:59:13.235746,SAX_MLP,ECG,LIME,4,2.715240716934204,True,
2025-10-30T13:59:13.728585,VQ-VAE_MLP,CNC_Machining,IG,0,0.49273061752319336,True,
2025-10-30T13:59:14.196138,VQ-VAE_MLP,CNC_Machining,IG,1,0.4673576354980469,True,
2025-10-30T13:59:14.658815,VQ-VAE_MLP,CNC_Machining,IG,2,0.4624788761138916,True,
2025-10-30T13:59:15.147067,VQ-VAE_MLP,CNC_Machining,IG,3,0.48806047439575195,True,
2025-10-30T13:59:15.632333,VQ-VAE_MLP,CNC_Machining,IG,4,0.48506736755371094,True,
2025-10-30T13:59:15.806117,VQ-VAE_MLP,CNC_Machining,SM,0,0.1735987663269043,True,
2025-10-30T13:59:15.977660,VQ-VAE_MLP,CNC_Machining,SM,1,0.17137908935546875,True,
2025-10-30T13:59:16.151000,VQ-VAE_MLP,CNC_Machining,SM,2,0.1732470989227295,True,
2025-10-30T13:59:16.323040,VQ-VAE_MLP,CNC_Machining,SM,3,0.17194557189941406,True,
2025-10-30T13:59:16.494656,VQ-VAE_MLP,CNC_Machining,SM,4,0.17151832580566406,True,
2025-10-30T13:59:20.976570,VQ-VAE_MLP,CNC_Machining,RISE,0,4.481819152832031,True,
2025-10-30T13:59:25.475041,VQ-VAE_MLP,CNC_Machining,RISE,1,4.498363971710205,True,
2025-10-30T13:59:29.967692,VQ-VAE_MLP,CNC_Machining,RISE,2,4.483088493347168,True,
2025-10-30T13:59:34.436377,VQ-VAE_MLP,CNC_Machining,RISE,3,4.468583822250366,True,
2025-10-30T13:59:38.952769,VQ-VAE_MLP,CNC_Machining,RISE,4,4.516288757324219,True,
2025-10-30T13:59:42.487484,VQ-VAE_MLP,CNC_Machining,LIME,0,3.534611701965332,True,
2025-10-30T13:59:46.043888,VQ-VAE_MLP,CNC_Machining,LIME,1,3.5562944412231445,True,
2025-10-30T13:59:49.584605,VQ-VAE_MLP,CNC_Machining,LIME,2,3.5406086444854736,True,
2025-10-30T13:59:53.123354,VQ-VAE_MLP,CNC_Machining,LIME,3,3.5386435985565186,True,
2025-10-30T13:59:56.652084,VQ-VAE_MLP,CNC_Machining,LIME,4,3.5286130905151367,True,
2025-10-30T13:59:57.008734,VQ-VAE_MLP,Welding,IG,0,0.356536865234375,True,
2025-10-30T13:59:57.388140,VQ-VAE_MLP,Welding,IG,1,0.37920451164245605,True,
2025-10-30T13:59:57.762802,VQ-VAE_MLP,Welding,IG,2,0.3744664192199707,True,
2025-10-30T13:59:58.132868,VQ-VAE_MLP,Welding,IG,3,0.36986827850341797,True,
2025-10-30T13:59:58.509627,VQ-VAE_MLP,Welding,IG,4,0.3765852451324463,True,
2025-10-30T13:59:58.685684,VQ-VAE_MLP,Welding,SM,0,0.17586565017700195,True,
2025-10-30T13:59:58.855742,VQ-VAE_MLP,Welding,SM,1,0.1698908805847168,True,
2025-10-30T13:59:59.020732,VQ-VAE_MLP,Welding,SM,2,0.1648848056793213,True,
2025-10-30T13:59:59.190952,VQ-VAE_MLP,Welding,SM,3,0.17011213302612305,True,
2025-10-30T13:59:59.354842,VQ-VAE_MLP,Welding,SM,4,0.16378021240234375,True,
2025-10-30T14:00:03.192754,VQ-VAE_MLP,Welding,RISE,0,3.8377976417541504,True,
2025-10-30T14:00:06.987569,VQ-VAE_MLP,Welding,RISE,1,3.7947041988372803,True,
2025-10-30T14:00:10.807582,VQ-VAE_MLP,Welding,RISE,2,3.819911003112793,True,
2025-10-30T14:00:14.756534,VQ-VAE_MLP,Welding,RISE,3,3.9488487243652344,True,
2025-10-30T14:00:18.532523,VQ-VAE_MLP,Welding,RISE,4,3.775893449783325,True,
2025-10-30T14:00:20.839753,VQ-VAE_MLP,Welding,LIME,0,2.3071329593658447,True,
2025-10-30T14:00:23.146806,VQ-VAE_MLP,Welding,LIME,1,2.3069422245025635,True,
2025-10-30T14:00:25.454931,VQ-VAE_MLP,Welding,LIME,2,2.3080129623413086,True,
2025-10-30T14:00:27.756495,VQ-VAE_MLP,Welding,LIME,3,2.3014607429504395,True,
2025-10-30T14:00:30.055190,VQ-VAE_MLP,Welding,LIME,4,2.2985990047454834,True,
2025-10-30T14:00:30.421967,VQ-VAE_MLP,ECG,IG,0,0.36667370796203613,True,
2025-10-30T14:00:30.781298,VQ-VAE_MLP,ECG,IG,1,0.35913777351379395,True,
2025-10-30T14:00:31.131220,VQ-VAE_MLP,ECG,IG,2,0.3497302532196045,True,
2025-10-30T14:00:31.483368,VQ-VAE_MLP,ECG,IG,3,0.35195493698120117,True,
2025-10-30T14:00:31.831243,VQ-VAE_MLP,ECG,IG,4,0.3476831912994385,True,
2025-10-30T14:00:31.977047,VQ-VAE_MLP,ECG,SM,0,0.14558911323547363,True,
2025-10-30T14:00:32.118786,VQ-VAE_MLP,ECG,SM,1,0.14163494110107422,True,
2025-10-30T14:00:32.261615,VQ-VAE_MLP,ECG,SM,2,0.14271974563598633,True,
2025-10-30T14:00:32.402866,VQ-VAE_MLP,ECG,SM,3,0.14115691184997559,True,
2025-10-30T14:00:32.544321,VQ-VAE_MLP,ECG,SM,4,0.1413581371307373,True,
2025-10-30T14:00:36.485838,VQ-VAE_MLP,ECG,RISE,0,3.941423177719116,True,
2025-10-30T14:00:40.423310,VQ-VAE_MLP,ECG,RISE,1,3.9373648166656494,True,
2025-10-30T14:00:44.353992,VQ-VAE_MLP,ECG,RISE,2,3.930582284927368,True,
2025-10-30T14:00:48.331060,VQ-VAE_MLP,ECG,RISE,3,3.976961135864258,True,
2025-10-30T14:00:52.264754,VQ-VAE_MLP,ECG,RISE,4,3.933593511581421,True,
2025-10-30T14:00:54.161809,VQ-VAE_MLP,ECG,LIME,0,1.896956443786621,True,
2025-10-30T14:00:56.241077,VQ-VAE_MLP,ECG,LIME,1,2.0791594982147217,True,
2025-10-30T14:00:58.146818,VQ-VAE_MLP,ECG,LIME,2,1.9056427478790283,True,
2025-10-30T14:01:00.054474,VQ-VAE_MLP,ECG,LIME,3,1.9075567722320557,True,
2025-10-30T14:01:01.958835,VQ-VAE_MLP,ECG,LIME,4,1.9042644500732422,True,
2025-10-30T14:01:02.187549,DVAE_MLP,CNC_Machining,IG,0,0.22861003875732422,True,
2025-10-30T14:01:02.428375,DVAE_MLP,CNC_Machining,IG,1,0.24063682556152344,True,
2025-10-30T14:01:02.685175,DVAE_MLP,CNC_Machining,IG,2,0.2566103935241699,True,
2025-10-30T14:01:02.947266,DVAE_MLP,CNC_Machining,IG,3,0.2619011402130127,True,
2025-10-30T14:01:03.214796,DVAE_MLP,CNC_Machining,IG,4,0.2673327922821045,True,
2025-10-30T14:01:03.240713,DVAE_MLP,CNC_Machining,SM,0,0.02571415901184082,True,
2025-10-30T14:01:03.263958,DVAE_MLP,CNC_Machining,SM,1,0.02315235137939453,True,
2025-10-30T14:01:03.286614,DVAE_MLP,CNC_Machining,SM,2,0.022563457489013672,True,
2025-10-30T14:01:03.308817,DVAE_MLP,CNC_Machining,SM,3,0.02212667465209961,True,
2025-10-30T14:01:03.330829,DVAE_MLP,CNC_Machining,SM,4,0.021928071975708008,True,
2025-10-30T14:01:07.143745,DVAE_MLP,CNC_Machining,RISE,0,3.812830686569214,True,
2025-10-30T14:01:10.931009,DVAE_MLP,CNC_Machining,RISE,1,3.7871601581573486,True,
2025-10-30T14:01:14.718575,DVAE_MLP,CNC_Machining,RISE,2,3.787468671798706,True,
2025-10-30T14:01:18.541726,DVAE_MLP,CNC_Machining,RISE,3,3.823044776916504,True,
2025-10-30T14:01:22.378172,DVAE_MLP,CNC_Machining,RISE,4,3.836346387863159,True,
2025-10-30T14:01:25.023070,DVAE_MLP,CNC_Machining,LIME,0,2.6447958946228027,True,
2025-10-30T14:01:27.676584,DVAE_MLP,CNC_Machining,LIME,1,2.6534104347229004,True,
2025-10-30T14:01:30.317438,DVAE_MLP,CNC_Machining,LIME,2,2.6407582759857178,True,
2025-10-30T14:01:32.957500,DVAE_MLP,CNC_Machining,LIME,3,2.639962911605835,True,
2025-10-30T14:01:35.609147,DVAE_MLP,CNC_Machining,LIME,4,2.6515421867370605,True,
2025-10-30T14:01:35.966554,DVAE_MLP,Welding,IG,0,0.35730552673339844,True,
2025-10-30T14:01:36.335797,DVAE_MLP,Welding,IG,1,0.36904072761535645,True,
2025-10-30T14:01:36.698240,DVAE_MLP,Welding,IG,2,0.36224865913391113,True,
2025-10-30T14:01:37.077038,DVAE_MLP,Welding,IG,3,0.3786137104034424,True,
2025-10-30T14:01:37.461010,DVAE_MLP,Welding,IG,4,0.38376760482788086,True,
2025-10-30T14:01:37.635950,DVAE_MLP,Welding,SM,0,0.17473435401916504,True,
2025-10-30T14:01:37.806704,DVAE_MLP,Welding,SM,1,0.17064237594604492,True,
2025-10-30T14:01:37.969664,DVAE_MLP,Welding,SM,2,0.16279149055480957,True,
2025-10-30T14:01:38.134087,DVAE_MLP,Welding,SM,3,0.1642627716064453,True,
2025-10-30T14:01:38.302474,DVAE_MLP,Welding,SM,4,0.16828179359436035,True,
2025-10-30T14:01:42.163190,DVAE_MLP,Welding,RISE,0,3.8606107234954834,True,
2025-10-30T14:01:46.001154,DVAE_MLP,Welding,RISE,1,3.828387498855591,True,
2025-10-30T14:01:49.987209,DVAE_MLP,Welding,RISE,2,3.9859535694122314,True,
2025-10-30T14:01:53.794675,DVAE_MLP,Welding,RISE,3,3.807363510131836,True,
2025-10-30T14:01:57.596824,DVAE_MLP,Welding,RISE,4,3.8020448684692383,True,
2025-10-30T14:01:59.628867,DVAE_MLP,Welding,LIME,0,2.031930923461914,True,
2025-10-30T14:02:01.649399,DVAE_MLP,Welding,LIME,1,2.02043080329895,True,
2025-10-30T14:02:03.674643,DVAE_MLP,Welding,LIME,2,2.025148868560791,True,
2025-10-30T14:02:05.700875,DVAE_MLP,Welding,LIME,3,2.0261268615722656,True,
2025-10-30T14:02:07.723926,DVAE_MLP,Welding,LIME,4,2.022951126098633,True,
2025-10-30T14:02:07.997333,DVAE_MLP,ECG,IG,0,0.27330660820007324,True,
2025-10-30T14:02:08.268179,DVAE_MLP,ECG,IG,1,0.2706735134124756,True,
2025-10-30T14:02:08.533217,DVAE_MLP,ECG,IG,2,0.26483941078186035,True,
2025-10-30T14:02:08.797183,DVAE_MLP,ECG,IG,3,0.26377272605895996,True,
2025-10-30T14:02:09.071719,DVAE_MLP,ECG,IG,4,0.2743544578552246,True,
2025-10-30T14:02:09.179123,DVAE_MLP,ECG,SM,0,0.10721445083618164,True,
2025-10-30T14:02:09.283371,DVAE_MLP,ECG,SM,1,0.10414981842041016,True,
2025-10-30T14:02:09.386823,DVAE_MLP,ECG,SM,2,0.10335278511047363,True,
2025-10-30T14:02:09.491647,DVAE_MLP,ECG,SM,3,0.10471916198730469,True,
2025-10-30T14:02:09.595804,DVAE_MLP,ECG,SM,4,0.10405898094177246,True,
2025-10-30T14:02:13.240245,DVAE_MLP,ECG,RISE,0,3.6443355083465576,True,
2025-10-30T14:02:16.897768,DVAE_MLP,ECG,RISE,1,3.6574227809906006,True,
2025-10-30T14:02:20.578000,DVAE_MLP,ECG,RISE,2,3.6801233291625977,True,
2025-10-30T14:02:24.228563,DVAE_MLP,ECG,RISE,3,3.650456190109253,True,
2025-10-30T14:02:28.080076,DVAE_MLP,ECG,RISE,4,3.8514156341552734,True,
2025-10-30T14:02:29.635435,DVAE_MLP,ECG,LIME,0,1.5552213191986084,True,
2025-10-30T14:02:31.191935,DVAE_MLP,ECG,LIME,1,1.5564019680023193,True,
2025-10-30T14:02:32.741965,DVAE_MLP,ECG,LIME,2,1.549929141998291,True,
2025-10-30T14:02:34.289472,DVAE_MLP,ECG,LIME,3,1.5474119186401367,True,
2025-10-30T14:02:35.839964,DVAE_MLP,ECG,LIME,4,1.5503864288330078,True,
2025-10-30T14:02:41.608252,VQ-VAE_Transformer,CNC_Machining,IG,0,5.768188714981079,True,
2025-10-30T14:02:47.333785,VQ-VAE_Transformer,CNC_Machining,IG,1,5.725340127944946,True,
2025-10-30T14:02:53.060123,VQ-VAE_Transformer,CNC_Machining,IG,2,5.726128816604614,True,
2025-10-30T14:02:58.806168,VQ-VAE_Transformer,CNC_Machining,IG,3,5.745830535888672,True,
2025-10-30T14:03:04.517785,VQ-VAE_Transformer,CNC_Machining,IG,4,5.711398363113403,True,
2025-10-30T14:03:04.815290,VQ-VAE_Transformer,CNC_Machining,SM,0,0.29730653762817383,True,
2025-10-30T14:03:05.107980,VQ-VAE_Transformer,CNC_Machining,SM,1,0.292572021484375,True,
2025-10-30T14:03:05.399345,VQ-VAE_Transformer,CNC_Machining,SM,2,0.2912607192993164,True,
2025-10-30T14:03:05.690815,VQ-VAE_Transformer,CNC_Machining,SM,3,0.2913672924041748,True,
2025-10-30T14:03:05.983312,VQ-VAE_Transformer,CNC_Machining,SM,4,0.2923886775970459,True,
2025-10-30T14:03:50.062092,VQ-VAE_Transformer,CNC_Machining,RISE,0,44.07867789268494,True,
2025-10-30T14:04:34.140189,VQ-VAE_Transformer,CNC_Machining,RISE,1,44.07797837257385,True,
2025-10-30T14:05:18.300602,VQ-VAE_Transformer,CNC_Machining,RISE,2,44.16031002998352,True,
2025-10-30T14:06:02.457663,VQ-VAE_Transformer,CNC_Machining,RISE,3,44.15695643424988,True,
2025-10-30T14:06:46.621702,VQ-VAE_Transformer,CNC_Machining,RISE,4,44.163933992385864,True,
2025-10-30T14:07:27.117706,VQ-VAE_Transformer,CNC_Machining,LIME,0,40.4958975315094,True,
2025-10-30T14:08:07.625625,VQ-VAE_Transformer,CNC_Machining,LIME,1,40.50781846046448,True,
2025-10-30T14:08:48.147597,VQ-VAE_Transformer,CNC_Machining,LIME,2,40.521867752075195,True,
2025-10-30T14:09:28.675148,VQ-VAE_Transformer,CNC_Machining,LIME,3,40.5274555683136,True,
2025-10-30T14:10:09.200660,VQ-VAE_Transformer,CNC_Machining,LIME,4,40.52541422843933,True,
2025-10-30T14:10:09.997255,VQ-VAE_Transformer,Welding,IG,0,0.7964880466461182,True,
2025-10-30T14:10:10.795318,VQ-VAE_Transformer,Welding,IG,1,0.7978684902191162,True,
2025-10-30T14:10:11.590750,VQ-VAE_Transformer,Welding,IG,2,0.7952311038970947,True,
2025-10-30T14:10:12.374725,VQ-VAE_Transformer,Welding,IG,3,0.7837848663330078,True,
2025-10-30T14:10:13.168968,VQ-VAE_Transformer,Welding,IG,4,0.7940359115600586,True,
2025-10-30T14:10:13.377251,VQ-VAE_Transformer,Welding,SM,0,0.208099365234375,True,
2025-10-30T14:10:13.583191,VQ-VAE_Transformer,Welding,SM,1,0.2058272361755371,True,
2025-10-30T14:10:13.782718,VQ-VAE_Transformer,Welding,SM,2,0.1994161605834961,True,
2025-10-30T14:10:13.988133,VQ-VAE_Transformer,Welding,SM,3,0.20523786544799805,True,
2025-10-30T14:10:14.187949,VQ-VAE_Transformer,Welding,SM,4,0.1997067928314209,True,
2025-10-30T14:10:21.571794,VQ-VAE_Transformer,Welding,RISE,0,7.3837316036224365,True,
2025-10-30T14:10:29.093564,VQ-VAE_Transformer,Welding,RISE,1,7.521660327911377,True,
2025-10-30T14:10:36.450456,VQ-VAE_Transformer,Welding,RISE,2,7.3567891120910645,True,
2025-10-30T14:10:43.823070,VQ-VAE_Transformer,Welding,RISE,3,7.3725128173828125,True,
2025-10-30T14:10:51.165785,VQ-VAE_Transformer,Welding,RISE,4,7.342614650726318,True,
2025-10-30T14:10:55.622954,VQ-VAE_Transformer,Welding,LIME,0,4.457059860229492,True,
2025-10-30T14:11:00.082787,VQ-VAE_Transformer,Welding,LIME,1,4.459733486175537,True,
2025-10-30T14:11:04.522915,VQ-VAE_Transformer,Welding,LIME,2,4.440022230148315,True,
2025-10-30T14:11:08.976341,VQ-VAE_Transformer,Welding,LIME,3,4.453328609466553,True,
2025-10-30T14:11:13.428749,VQ-VAE_Transformer,Welding,LIME,4,4.452311277389526,True,
2025-10-30T14:11:15.572032,VQ-VAE_Transformer,ECG,IG,0,2.1431782245635986,True,
2025-10-30T14:11:17.699522,VQ-VAE_Transformer,ECG,IG,1,2.1272778511047363,True,
2025-10-30T14:11:19.802960,VQ-VAE_Transformer,ECG,IG,2,2.1032450199127197,True,
2025-10-30T14:11:21.926679,VQ-VAE_Transformer,ECG,IG,3,2.1235098838806152,True,
2025-10-30T14:11:24.051343,VQ-VAE_Transformer,ECG,IG,4,2.1244542598724365,True,
2025-10-30T14:11:24.391337,VQ-VAE_Transformer,ECG,SM,0,0.3397812843322754,True,
2025-10-30T14:11:24.722645,VQ-VAE_Transformer,ECG,SM,1,0.33120179176330566,True,
2025-10-30T14:11:25.051050,VQ-VAE_Transformer,ECG,SM,2,0.32829713821411133,True,
2025-10-30T14:11:25.378565,VQ-VAE_Transformer,ECG,SM,3,0.327406644821167,True,
2025-10-30T14:11:25.706499,VQ-VAE_Transformer,ECG,SM,4,0.32783007621765137,True,
2025-10-30T14:11:41.124726,VQ-VAE_Transformer,ECG,RISE,0,15.418123960494995,True,
2025-10-30T14:11:56.614182,VQ-VAE_Transformer,ECG,RISE,1,15.489356279373169,True,
2025-10-30T14:12:12.102022,VQ-VAE_Transformer,ECG,RISE,2,15.487711429595947,True,
2025-10-30T14:12:27.541470,VQ-VAE_Transformer,ECG,RISE,3,15.439346551895142,True,
2025-10-30T14:12:42.985724,VQ-VAE_Transformer,ECG,RISE,4,15.444159030914307,True,
2025-10-30T14:12:57.193028,VQ-VAE_Transformer,ECG,LIME,0,14.207203388214111,True,
2025-10-30T14:13:11.581841,VQ-VAE_Transformer,ECG,LIME,1,14.388716459274292,True,
2025-10-30T14:13:25.757254,VQ-VAE_Transformer,ECG,LIME,2,14.175304412841797,True,
2025-10-30T14:13:39.968200,VQ-VAE_Transformer,ECG,LIME,3,14.210850715637207,True,
2025-10-30T14:13:54.157166,VQ-VAE_Transformer,ECG,LIME,4,14.188833236694336,True,
2025-10-30T14:14:01.616738,DVAE_Transformer,CNC_Machining,IG,0,7.4594738483428955,True,
2025-10-30T14:14:09.080969,DVAE_Transformer,CNC_Machining,IG,1,7.464009523391724,True,
2025-10-30T14:14:16.536665,DVAE_Transformer,CNC_Machining,IG,2,7.455487966537476,True,
2025-10-30T14:14:23.999574,DVAE_Transformer,CNC_Machining,IG,3,7.462695837020874,True,
2025-10-30T14:14:31.458436,DVAE_Transformer,CNC_Machining,IG,4,7.458653926849365,True,
2025-10-30T14:14:31.955872,DVAE_Transformer,CNC_Machining,SM,0,0.4972224235534668,True,
2025-10-30T14:14:32.451605,DVAE_Transformer,CNC_Machining,SM,1,0.49562954902648926,True,
2025-10-30T14:14:32.950422,DVAE_Transformer,CNC_Machining,SM,2,0.498706579208374,True,
2025-10-30T14:14:33.446744,DVAE_Transformer,CNC_Machining,SM,3,0.49622225761413574,True,
2025-10-30T14:14:33.937229,DVAE_Transformer,CNC_Machining,SM,4,0.49037599563598633,True,
2025-10-30T14:15:25.988424,DVAE_Transformer,CNC_Machining,RISE,0,52.05109262466431,True,
2025-10-30T14:16:18.042300,DVAE_Transformer,CNC_Machining,RISE,1,52.053773641586304,True,
2025-10-30T14:17:10.137000,DVAE_Transformer,CNC_Machining,RISE,2,52.094595193862915,True,
2025-10-30T14:18:02.168571,DVAE_Transformer,CNC_Machining,RISE,3,52.031461238861084,True,
2025-10-30T14:18:54.235343,DVAE_Transformer,CNC_Machining,RISE,4,52.06667137145996,True,
2025-10-30T14:19:45.334709,DVAE_Transformer,CNC_Machining,LIME,0,51.09926223754883,True,
2025-10-30T14:20:36.453773,DVAE_Transformer,CNC_Machining,LIME,1,51.118966579437256,True,
2025-10-30T14:21:27.552599,DVAE_Transformer,CNC_Machining,LIME,2,51.0986750125885,True,
2025-10-30T14:22:18.656507,DVAE_Transformer,CNC_Machining,LIME,3,51.10380673408508,True,
2025-10-30T14:23:09.754402,DVAE_Transformer,CNC_Machining,LIME,4,51.09779596328735,True,
2025-10-30T14:23:11.861923,DVAE_Transformer,Welding,IG,0,2.107417345046997,True,
2025-10-30T14:23:13.962287,DVAE_Transformer,Welding,IG,1,2.1001651287078857,True,
2025-10-30T14:23:16.072951,DVAE_Transformer,Welding,IG,2,2.110478639602661,True,
2025-10-30T14:23:18.181237,DVAE_Transformer,Welding,IG,3,2.1080825328826904,True,
2025-10-30T14:23:20.281553,DVAE_Transformer,Welding,IG,4,2.1001040935516357,True,
2025-10-30T14:23:20.588540,DVAE_Transformer,Welding,SM,0,0.3067779541015625,True,
2025-10-30T14:23:20.891380,DVAE_Transformer,Welding,SM,1,0.30272746086120605,True,
2025-10-30T14:23:21.195627,DVAE_Transformer,Welding,SM,2,0.3041377067565918,True,
2025-10-30T14:23:21.495198,DVAE_Transformer,Welding,SM,3,0.29946112632751465,True,
2025-10-30T14:23:21.792820,DVAE_Transformer,Welding,SM,4,0.2975127696990967,True,
2025-10-30T14:23:37.428518,DVAE_Transformer,Welding,RISE,0,15.635585069656372,True,
2025-10-30T14:23:53.071612,DVAE_Transformer,Welding,RISE,1,15.642986059188843,True,
2025-10-30T14:24:08.820617,DVAE_Transformer,Welding,RISE,2,15.748905897140503,True,
2025-10-30T14:24:24.364076,DVAE_Transformer,Welding,RISE,3,15.543354988098145,True,
2025-10-30T14:24:39.945162,DVAE_Transformer,Welding,RISE,4,15.580988645553589,True,
2025-10-30T14:24:54.605883,DVAE_Transformer,Welding,LIME,0,14.660611629486084,True,
2025-10-30T14:25:09.264278,DVAE_Transformer,Welding,LIME,1,14.658292293548584,True,
2025-10-30T14:25:23.929168,DVAE_Transformer,Welding,LIME,2,14.664788007736206,True,
2025-10-30T14:25:38.597486,DVAE_Transformer,Welding,LIME,3,14.668219327926636,True,
2025-10-30T14:25:53.252656,DVAE_Transformer,Welding,LIME,4,14.655068635940552,True,
2025-10-30T14:25:53.879294,DVAE_Transformer,ECG,IG,0,0.6265377998352051,True,
2025-10-30T14:25:54.496193,DVAE_Transformer,ECG,IG,1,0.6166865825653076,True,
2025-10-30T14:25:55.100676,DVAE_Transformer,ECG,IG,2,0.6042768955230713,True,
2025-10-30T14:25:55.728884,DVAE_Transformer,ECG,IG,3,0.6279940605163574,True,
2025-10-30T14:25:56.346213,DVAE_Transformer,ECG,IG,4,0.6171138286590576,True,
2025-10-30T14:25:56.489341,DVAE_Transformer,ECG,SM,0,0.14292144775390625,True,
2025-10-30T14:25:56.626151,DVAE_Transformer,ECG,SM,1,0.1367175579071045,True,
2025-10-30T14:25:56.762461,DVAE_Transformer,ECG,SM,2,0.13620972633361816,True,
2025-10-30T14:25:56.897312,DVAE_Transformer,ECG,SM,3,0.13476014137268066,True,
2025-10-30T14:25:57.033501,DVAE_Transformer,ECG,SM,4,0.13609886169433594,True,
2025-10-30T14:26:03.638913,DVAE_Transformer,ECG,RISE,0,6.605305433273315,True,
2025-10-30T14:26:10.432644,DVAE_Transformer,ECG,RISE,1,6.793618679046631,True,
2025-10-30T14:26:17.021639,DVAE_Transformer,ECG,RISE,2,6.588891506195068,True,
2025-10-30T14:26:23.658095,DVAE_Transformer,ECG,RISE,3,6.6363606452941895,True,
2025-10-30T14:26:30.324426,DVAE_Transformer,ECG,RISE,4,6.666231393814087,True,
2025-10-30T14:26:33.416160,DVAE_Transformer,ECG,LIME,0,3.0916292667388916,True,
2025-10-30T14:26:36.493518,DVAE_Transformer,ECG,LIME,1,3.0772619247436523,True,
2025-10-30T14:26:39.572886,DVAE_Transformer,ECG,LIME,2,3.079268217086792,True,
2025-10-30T14:26:42.649343,DVAE_Transformer,ECG,LIME,3,3.076359510421753,True,
2025-10-30T14:26:45.749704,DVAE_Transformer,ECG,LIME,4,3.1002635955810547,True,
2025-10-30T14:26:58.564754,TS_Transformer,CNC_Machining,IG,0,12.814945936203003,True,
2025-10-30T14:27:11.332190,TS_Transformer,CNC_Machining,IG,1,12.767179489135742,True,
2025-10-30T14:27:24.111877,TS_Transformer,CNC_Machining,IG,2,12.779417037963867,True,
2025-10-30T14:27:36.881009,TS_Transformer,CNC_Machining,IG,3,12.768880367279053,True,
2025-10-30T14:27:49.643003,TS_Transformer,CNC_Machining,IG,4,12.761752843856812,True,
2025-10-30T14:27:50.101098,TS_Transformer,CNC_Machining,SM,0,0.4578075408935547,True,
2025-10-30T14:27:50.555339,TS_Transformer,CNC_Machining,SM,1,0.45413708686828613,True,
2025-10-30T14:27:51.009653,TS_Transformer,CNC_Machining,SM,2,0.4542109966278076,True,
2025-10-30T14:27:51.474055,TS_Transformer,CNC_Machining,SM,3,0.46429944038391113,True,
2025-10-30T14:27:51.929390,TS_Transformer,CNC_Machining,SM,4,0.4551985263824463,True,
2025-10-30T14:29:29.461307,TS_Transformer,CNC_Machining,RISE,0,97.5318124294281,True,
2025-10-30T14:31:06.851647,TS_Transformer,CNC_Machining,RISE,1,97.39023494720459,True,
2025-10-30T14:32:44.114138,TS_Transformer,CNC_Machining,RISE,2,97.26238703727722,True,
2025-10-30T14:34:21.358515,TS_Transformer,CNC_Machining,RISE,3,97.2442741394043,True,
2025-10-30T14:35:58.823823,TS_Transformer,CNC_Machining,RISE,4,97.46520352363586,True,
2025-10-30T14:40:49.240021,TS_Transformer,CNC_Machining,LIME,0,290.4160895347595,True,
2025-10-30T14:45:38.233906,TS_Transformer,CNC_Machining,LIME,1,288.9935791492462,True,
2025-10-30T14:50:27.024749,TS_Transformer,CNC_Machining,LIME,2,288.78782391548157,True,
2025-10-30T14:55:15.312891,TS_Transformer,CNC_Machining,LIME,3,288.28793692588806,True,
2025-10-30T15:00:05.263937,TS_Transformer,CNC_Machining,LIME,4,289.95076632499695,True,
2025-10-30T15:00:21.968316,TS_Transformer,Welding,IG,0,16.704132556915283,True,
2025-10-30T15:00:38.598990,TS_Transformer,Welding,IG,1,16.63041591644287,True,
2025-10-30T15:00:55.224731,TS_Transformer,Welding,IG,2,16.625493049621582,True,
2025-10-30T15:01:11.858455,TS_Transformer,Welding,IG,3,16.633484363555908,True,
2025-10-30T15:01:28.480694,TS_Transformer,Welding,IG,4,16.62199068069458,True,
2025-10-30T15:01:31.694416,TS_Transformer,Welding,SM,0,3.2134413719177246,True,
2025-10-30T15:01:34.893908,TS_Transformer,Welding,SM,1,3.199384927749634,True,
2025-10-30T15:01:38.101295,TS_Transformer,Welding,SM,2,3.207277297973633,True,
2025-10-30T15:01:41.323054,TS_Transformer,Welding,SM,3,3.221649408340454,True,
2025-10-30T15:01:44.742759,TS_Transformer,Welding,SM,4,3.4195964336395264,True,
2025-10-30T15:03:34.520442,TS_Transformer,Welding,RISE,0,109.7775468826294,True,
2025-10-30T15:05:24.337918,TS_Transformer,Welding,RISE,1,109.81737279891968,True,
2025-10-30T15:07:13.991393,TS_Transformer,Welding,RISE,2,109.65336775779724,True,
2025-10-30T15:09:03.634181,TS_Transformer,Welding,RISE,3,109.64268350601196,True,
2025-10-30T15:10:53.228068,TS_Transformer,Welding,RISE,4,109.59377574920654,True,
2025-10-30T15:13:28.784734,TS_Transformer,Welding,LIME,0,155.55655360221863,True,
2025-10-30T15:16:04.276916,TS_Transformer,Welding,LIME,1,155.49199724197388,True,
2025-10-30T15:18:39.703395,TS_Transformer,Welding,LIME,2,155.42628860473633,True,
2025-10-30T15:21:15.228661,TS_Transformer,Welding,LIME,3,155.5250759124756,True,
2025-10-30T15:23:50.698501,TS_Transformer,Welding,LIME,4,155.4696581363678,True,
2025-10-30T15:24:23.052700,TS_Transformer,ECG,IG,0,32.35401725769043,True,
2025-10-30T15:24:55.424256,TS_Transformer,ECG,IG,1,32.3712956905365,True,
2025-10-30T15:25:27.794366,TS_Transformer,ECG,IG,2,32.369872093200684,True,
2025-10-30T15:26:00.345521,TS_Transformer,ECG,IG,3,32.55091428756714,True,
2025-10-30T15:26:32.726236,TS_Transformer,ECG,IG,4,32.380475997924805,True,
2025-10-30T15:26:34.761325,TS_Transformer,ECG,SM,0,2.0348312854766846,True,
2025-10-30T15:26:36.797053,TS_Transformer,ECG,SM,1,2.035620927810669,True,
2025-10-30T15:26:38.828257,TS_Transformer,ECG,SM,2,2.0310916900634766,True,
2025-10-30T15:26:40.856080,TS_Transformer,ECG,SM,3,2.027719497680664,True,
2025-10-30T15:26:42.889827,TS_Transformer,ECG,SM,4,2.033640146255493,True,
2025-10-30T15:30:32.031236,TS_Transformer,ECG,RISE,0,229.1412959098816,True,
2025-10-30T15:34:21.226430,TS_Transformer,ECG,RISE,1,229.19508981704712,True,
2025-10-30T15:38:10.512950,TS_Transformer,ECG,RISE,2,229.28642058372498,True,
2025-10-30T15:41:59.917957,TS_Transformer,ECG,RISE,3,229.40490174293518,True,
2025-10-30T15:45:49.273876,TS_Transformer,ECG,RISE,4,229.35580682754517,True,
2025-10-30T15:49:49.811345,TS_Transformer,ECG,LIME,0,240.53735375404358,True,
2025-10-30T15:53:50.158994,TS_Transformer,ECG,LIME,1,240.3475193977356,True,
2025-10-30T15:57:50.446546,TS_Transformer,ECG,LIME,2,240.28742599487305,True,
2025-10-30T16:01:50.771071,TS_Transformer,ECG,LIME,3,240.32439875602722,True,
2025-10-30T16:05:51.125774,TS_Transformer,ECG,LIME,4,240.35458087921143,True,
